Constituency No.,Constituency,Candidate No.,Name,Sex,Age,Category,Party,General,Postal,Total
1,NERELA,1,NEEL DAMAN KHATRI,M,43,GEN,BJP,54091,531,54622
1,NERELA,2,VIRENDER,M,38,GEN,BSP,30911,166,31077
1,NERELA,3,JASWANT SINGH,M,60,GEN,INC,26192,119,26311
1,NERELA,4,BALJIT SINGH MANN,M,60,GEN,AAAP,23921,110,24031
1,NERELA,5,RAM GOPAL SHARMA,M,74,GEN,IND,3395,31,3426
1,NERELA,6,None of the Above,N/A,N/A,N/A,NOTA,928,3,931
1,NERELA,7,SANJEEV KUMAR RANA,M,44,GEN,CPI,641,2,643
1,NERELA,8,AJAY MUDGIL,M,29,GEN,IND,631,2,633
1,NERELA,9,MD YAKUB SIDAKI,M,46,GEN,JD(U),518,2,520
1,NERELA,10,AJIT SINGH,M,48,GEN,INLD,479,2,481
1,NERELA,11,ROHTASH,M,62,SC,CPI(ML) (L),337,1,338
1,NERELA,12,AJAY KUMAR,M,27,GEN,SP,284,1,285
1,NERELA,13,SATISH,M,26,GEN,LJP,264,2,266
1,NERELA,14,PRAVESH,M,29,SC,AA S P,209,1,210
1,NERELA,15,SHAMIM,F,65,GEN,PECP,163,0,163
2,BURARI,1,SANJEEV JHA,M,34,GEN,AAAP,59953,211,60164
2,BURARI,2,SHRI KRISHAN,M,56,GEN,BJP,49302,511,49813
2,BURARI,3,DEEPAK TYAGI,M,43,GEN,INC,31430,219,31649
2,BURARI,4,VINOD NAAGAR,M,47,GEN,LJP,6453,9,6462
2,BURARI,5,KAMAL SHARMA,M,44,GEN,BSP,3630,34,3664
2,BURARI,6,SURENDER ROUTELA,M,44,GEN,IND,2689,11,2700
2,BURARI,7,JITENDER KUMAR,M,65,GEN,JD(U),2637,6,2643
2,BURARI,8,None of the Above,N/A,N/A,N/A,NOTA,655,10,665
2,BURARI,9,AJIT KUMAR PANDEY,M,42,GEN,BJDI,556,1,557
2,BURARI,10,AADESH,M,33,GEN,IND,506,0,506
2,BURARI,11,GANESH PAL,M,56,GEN,BSKP,495,1,496
2,BURARI,12,NAFE SINGH RAJPUT,M,39,GEN,IND,369,0,369
2,BURARI,13,VIJAY KUMAR,M,33,GEN,RMEP,351,0,351
2,BURARI,14,MANAGER CHAURASIYA,M,45,GEN,SUCI,323,2,325
2,BURARI,15,PAWAN KUMAR DUGGAL,M,52,GEN,IND,285,0,285
2,BURARI,16,RICHA MUNDRA,F,36,GEN,RDPI,242,1,243
2,BURARI,17,FAKIR CHAND,M,56,GEN,IJP,227,3,230
2,BURARI,18,RAJBIR,M,32,SC,IND,214,0,214
2,BURARI,19,MUNNA,M,42,GEN,IND,210,1,211
2,BURARI,20,PREM SHANKAR SHARMA,M,51,GEN,ABSPAR Pen Stand TY,190,0,190
2,BURARI,21,TOKIR AHMAD KHAN,M,61,GEN,BASPB,184,3,187
2,BURARI,22,GULAB SINGHAL,M,40,GEN,BNIP,172,0,172
2,BURARI,23,DINESH KUMAR,M,30,GEN,BSKRP,136,1,137
2,BURARI,24,DR RAMESH NARAYAN SINGH,M,56,GEN,IND,85,0,85
3,TIMARPUR,1,HARISH KHANNA,M,61,GEN,AAAP,39518,132,39650
3,TIMARPUR,2,RAJNI ABBI,F,51,GEN,BJP,36053,214,36267
3,TIMARPUR,3,SURINDER PAL SINGH,M,53,GEN,INC,32692,133,32825
3,TIMARPUR,4,PREM WADHWA,M,56,GEN,BSP,1404,10,1414
3,TIMARPUR,5,None of the Above,N/A,N/A,N/A,NOTA,761,7,768
3,TIMARPUR,6,BAJINDER SINGH,M,27,GEN,CPI,635,2,637
3,TIMARPUR,7,CHAND MIYA,M,25,GEN,IND,574,1,575
3,TIMARPUR,8,ANIL KUMAR,M,36,GEN,SP,348,1,349
3,TIMARPUR,9,HARBILAS,M,63,SC,IJP,223,3,226
3,TIMARPUR,10,VIRENDRA KUMAR,M,35,GEN,IND,179,0,179
3,TIMARPUR,11,JAGANNATH,M,64,SC,BJDI,172,1,173
3,TIMARPUR,12,VIDYANAND BHAGAT,M,41,GEN,RVNP,70,0,70
3,TIMARPUR,13,MOHD. YAMIN,M,41,GEN,PECP,51,0,51
4,ADARSH NAGAR,1,RAM KISHAN SINGHAL,M,62,GEN,BJP,36543,222,36765
4,ADARSH NAGAR,2,JAGDEEP RANA,M,27,GEN,AAAP,26755,87,26842
4,ADARSH NAGAR,3,MANGAT RAM,M,71,GEN,INC,25379,88,25467
4,ADARSH NAGAR,4,ASHWANI AHUJA,M,52,GEN,BSP,5635,5,5640
4,ADARSH NAGAR,5,None of the Above,N/A,N/A,N/A,NOTA,761,8,769
4,ADARSH NAGAR,6,ARCHANA SINGH,F,33,GEN,LJP,284,0,284
4,ADARSH NAGAR,7,BALRAM MANDAL,M,31,GEN,IDP,259,0,259
4,ADARSH NAGAR,8,ANIL NAGPAL,M,47,GEN,IND,248,2,250
4,ADARSH NAGAR,9,DEEPAK KUMAR,M,35,GEN,IND,232,0,232
4,ADARSH NAGAR,10,KEDAR PRASAD,M,38,GEN,PHRC,193,2,195
5,BADLI,1,DEVENDER YADAV,M,41,GEN,INC,54207,165,54372
5,BADLI,2,VIJAY KUMAR BHAGAT,M,48,GEN,BJP,31151,112,31263
5,BADLI,3,MOHAN KRISHAN,M,51,GEN,AAAP,31025,73,31098
5,BADLI,4,MUNAWWAR HASSAN,M,38,GEN,BSP,2118,7,2125
5,BADLI,5,None of the Above,N/A,N/A,N/A,NOTA,975,3,978
5,BADLI,6,MAHESH SAHU,M,55,GEN,JD(U),615,0,615
5,BADLI,7,MOHAN JHA,M,38,GEN,IND,417,1,418
5,BADLI,8,PUNEET MANDAL,M,36,GEN,HND,274,0,274
5,BADLI,9,RAJ KUMAR,M,44,GEN,RLD,252,1,253
5,BADLI,10,WAQAR KHAN,M,38,GEN,SP,204,0,204
5,BADLI,11,MANOJ KUMAR PANDEY,M,37,GEN,IND,189,1,190
5,BADLI,12,JAI PAL,M,40,GEN,IND,108,0,108
6,RITHALA,1,KULWANT RANA,M,42,GEN,BJP,73681,280,73961
6,RITHALA,2,HARISH AWASTHI,M,58,GEN,AAAP,47947,188,48135
6,RITHALA,3,INDERJEET SINGH,M,45,GEN,INC,17989,118,18107
6,RITHALA,4,MUSADDI LAL SAINI,M,71,GEN,BSP,1660,11,1671
6,RITHALA,5,None of the Above,N/A,N/A,N/A,NOTA,1015,8,1023
6,RITHALA,6,LEELAWATI DEVI,F,38,GEN,IND,384,1,385
6,RITHALA,7,VISHESH JAIN,M,28,GEN,SHS,343,0,343
6,RITHALA,8,BHIM KUMAR GUPTA,M,34,GEN,IND,298,1,299
6,RITHALA,9,ASHOK KUMAR,M,40,GEN,RVNP,128,1,129
6,RITHALA,10,RAJENDER KUMAR,M,46,SC,IJP,127,0,127
7,BAWANA (SC),1,GUGAN SINGH,M,65,SC,BJP,67562,845,144180
7,BAWANA (SC),2,MANOJ,M,25,SC,AAAP,42519,249,42768
7,BAWANA (SC),3,SURENDER KUMAR,M,55,SC,INC,41818,236,42054
7,BAWANA (SC),4,MANAK CHAND,M,39,SC,BSP,8981,36,9017
7,BAWANA (SC),5,None of the Above,N/A,N/A,N/A,NOTA,1204,13,1217
7,BAWANA (SC),6,SHER SINGH,M,47,SC,IND,634,0,634
7,BAWANA (SC),7,KAVITA,F,35,SC,NCP,601,15,616
7,BAWANA (SC),8,AMOD PASWAN,M,32,SC,BJDI,488,1,489
7,BAWANA (SC),9,PAWAN KUMAR,M,28,SC,IND,334,2,336
7,BAWANA (SC),10,VIMAL VERMA,M,36,SC,IJP,329,1,330
7,BAWANA (SC),11,RAJESH,M,34,SC,SHS,302,6,308
7,BAWANA (SC),12,DHARAM RAJ,M,39,SC,BPC,279,0,279
8,MUNDKA,1,RAMBIR SHOKEEN,M,34,GEN,IND,52405,159,52564
8,MUNDKA,2,AZAD SINGH,M,61,GEN,BJP,44811,619,45430
8,MUNDKA,3,KRISHAN KUMAR,M,47,GEN,AAAP,23672,200,23872
8,MUNDKA,4,NARESH KUMAR,M,51,GEN,INC,19006,151,19157
8,MUNDKA,5,RAJ KUMAR PARIHAR,M,38,GEN,IND,2909,3,2912
8,MUNDKA,6,GURCHARAN SINGH,M,52,SC,BSP,2800,30,2830
8,MUNDKA,7,VIJAY KUMAR GARG,M,44,GEN,DJP,1397,0,1397
8,MUNDKA,8,ALAM KHAN,M,28,GEN,RUC,860,0,860
8,MUNDKA,9,None of the Above,N/A,N/A,N/A,NOTA,723,11,734
8,MUNDKA,10,KARAM CHAND LATHWAL,M,48,GEN,BPC,709,0,709
8,MUNDKA,11,ARVIND KATARIA,M,43,SC,AIBS,549,3,552
8,MUNDKA,12,JAGDISH,M,45,SC,IND,527,1,528
8,MUNDKA,13,SATYA NARAYAN,M,35,GEN,SHS,453,1,454
8,MUNDKA,14,REETA,F,32,GEN,IND,300,1,301
8,MUNDKA,15,MUKESH SHARMA,M,38,GEN,BSVPT,270,1,271
8,MUNDKA,16,GAURI SHANKAR,M,30,GEN,RAM,260,0,260
8,MUNDKA,17,RENU BHARTI,F,33,GEN,RVNP,191,2,193
8,MUNDKA,18,MEENU,F,28,GEN,BJDI,193,0,193
8,MUNDKA,19,KAMAL GOYAL,M,34,GEN,AIFB,174,1,175
9,KIRARI,1,ANIL JHA,M,38,GEN,BJP,72124,159,72283
9,KIRARI,2,RAJAN PRAKASH,M,31,GEN,AAAP,23724,33,23757
9,KIRARI,3,AMIT MALIK,M,35,GEN,INC,18473,42,18515
9,KIRARI,4,PUSHP RAJ,M,45,GEN,BSP,16866,56,16922
9,KIRARI,5,RAJKUMAR SHARMA,M,46,GEN,PECP,1485,1,1486
9,KIRARI,6,DINESH KUMAR,M,49,GEN,IND,1021,1,1022
9,KIRARI,7,D N BHAGAT,M,41,GEN,JD(U),935,9,944
9,KIRARI,8,H L GANDHI,M,37,GEN,IND,892,1,893
9,KIRARI,9,ABINAV SANJAY PRAJAPATI,M,37,GEN,NCP,668,2,670
9,KIRARI,10,None of the Above,N/A,N/A,N/A,NOTA,531,3,534
9,KIRARI,11,JAVED,M,46,GEN,SDPI,274,0,274
9,KIRARI,12,RAM CHANDER,M,59,GEN,HND,230,0,230
9,KIRARI,13,SHANKAR SHAH,M,52,GEN,RVNP,201,0,201
9,KIRARI,14,MOHD. SHADAB,M,27,GEN,BASPB,184,0,184
9,KIRARI,15,RAMRIT SHARMA,M,46,GEN,AIFB,173,0,173
9,KIRARI,16,SHARWAN SINGH,M,54,GEN,JKNPP,162,0,162
9,KIRARI,17,BASANT MEHTA,M,33,GEN,IND,142,0,142
9,KIRARI,18,NARESH CHANDER PAL,M,42,GEN,BSKP,134,0,134
9,KIRARI,19,JITENDER SINGH,M,28,SC,AA S P,91,0,91
10,SULTANPUR MAJRA (SC),1,JAI KISHAN,M,55,SC,INC,31366,92,31458
10,SULTANPUR MAJRA (SC),2,SANDEEP KUMAR,M,32,SC,AAAP,30289,57,30346
10,SULTANPUR MAJRA (SC),3,MUKESH KUMAR AHLAWAT,M,37,SC,BSP,25366,58,25424
10,SULTANPUR MAJRA (SC),4,SUSHILA KUMARI,F,36,SC,BJP,15818,48,15866
10,SULTANPUR MAJRA (SC),5,None of the Above,N/A,N/A,N/A,NOTA,1230,2,1232
10,SULTANPUR MAJRA (SC),6,AJAY RAJ,M,34,SC,PPGP,643,0,643
10,SULTANPUR MAJRA (SC),7,BABU SINGH @ DANGI,M,53,SC,LJP,361,0,361
10,SULTANPUR MAJRA (SC),8,BHAGAT SINGH,M,54,SC,IBSP,252,0,252
11,NANGLOI JAT,1,MANOJ KUMAR SHOKEEN,M,46,GEN,BJP,57296,153,57449
11,NANGLOI JAT,2,DR. BIJENDER SINGH,M,65,GEN,INC,46282,152,46434
11,NANGLOI JAT,3,NAVEEN MEHTA,M,58,GEN,AAAP,25660,83,25743
11,NANGLOI JAT,4,MD. SALEEM SAIFY,M,37,GEN,BSP,3292,7,3299
11,NANGLOI JAT,5,None of the Above,N/A,N/A,N/A,NOTA,1166,5,1171
11,NANGLOI JAT,6,LAL DASS,M,42,GEN,IND,564,0,564
11,NANGLOI JAT,7,NARESH KUMAR,M,37,GEN,IND,215,1,216
11,NANGLOI JAT,8,RATTAN GUPTA (ADVOCATE),M,37,GEN,IND,171,0,171
11,NANGLOI JAT,9,VED PRAKASH,M,47,SC,BPC,146,0,146
11,NANGLOI JAT,10,BIJENDER SINGH,M,39,GEN,IND,129,1,130
11,NANGLOI JAT,11,ABHISHEK VERMA,M,36,GEN,DJP,129,0,129
11,NANGLOI JAT,12,AVTAR SINGH,M,33,GEN,JKNPP,115,0,115
11,NANGLOI JAT,13,DR. TARUN KUMAR,M,39,GEN,VSP,114,0,114
11,NANGLOI JAT,14,ASHOK SINGH,M,36,GEN,RVNP,84,0,84
12,MANGOL PURI (SC),1,RAKHI BIRLA,F,26,SC,AAAP,44210,173,44383
12,MANGOL PURI (SC),2,RAJ KUMAR CHAUHAN,M,56,SC,INC,33656,142,33798
12,MANGOL PURI (SC),3,RAM KISHOR NAVARIYA,M,55,SC,BJP,31055,177,31232
12,MANGOL PURI (SC),4,CHHATARDHARI,M,69,SC,BSP,3703,19,3722
12,MANGOL PURI (SC),5,None of the Above,N/A,N/A,N/A,NOTA,829,10,839
12,MANGOL PURI (SC),6,SHYAM KALI,F,57,SC,CPI,788,1,789
12,MANGOL PURI (SC),7,MURLI DHAR,M,41,SC,IND,482,3,485
12,MANGOL PURI (SC),8,RAMESH KUMAR,M,44,SC,IBSP,282,2,284
13,ROHINI,1,RAJESH GARG,M,50,GEN,AAAP,47498,392,47890
13,ROHINI,2,JAI BHAGWAN AGGARWAL,M,61,GEN,BJP,45562,456,46018
13,ROHINI,3,K.K. WADHWA,M,59,GEN,INC,13820,134,13954
13,ROHINI,4,ARUN KUMAR CHADHA,M,40,GEN,BSP,1028,11,1039
13,ROHINI,5,None of the Above,N/A,N/A,N/A,NOTA,822,16,838
14,SHALIMAR BAGH,6,RAHUL KUMAR,M,28,GEN,IND,237,4,108967
14,SHALIMAR BAGH,1,BANDANA KUMARI,F,39,GEN,AAAP,46992,243,47235
14,SHALIMAR BAGH,2,RAVINDER NATH BANSAL,M,58,GEN,BJP,36264,320,36584
14,SHALIMAR BAGH,3,NARESH KUMAR GUPTA,M,57,GEN,INC,15522,137,15659
14,SHALIMAR BAGH,4,G.L. KHANNA,M,72,GEN,IND,3749,2,3751
14,SHALIMAR BAGH,5,RAJ KUMAR,M,45,SC,BSP,2654,10,2664
14,SHALIMAR BAGH,6,None of the Above,N/A,N/A,N/A,NOTA,910,12,922
14,SHALIMAR BAGH,7,SURENDER PAL SINGH,M,36,GEN,RVNP,315,0,315
14,SHALIMAR BAGH,8,BILAKSHAN,M,58,GEN,BJDI,191,1,192
15,SHAKUR BASTI,1,SATYENDER KUMAR JAIN,M,49,GEN,AAAP,39972,260,40232
15,SHAKUR BASTI,2,SHYAM LAL GARG,M,64,GEN,BJP,32917,253,33170
15,SHAKUR BASTI,3,S C VATS,M,67,GEN,INC,18676,123,18799
15,SHAKUR BASTI,4,JAWAHAR LAL LUTHRA,M,55,GEN,IND,1321,0,1321
15,SHAKUR BASTI,5,None of the Above,N/A,N/A,N/A,NOTA,579,4,583
15,SHAKUR BASTI,6,KUSUM TANDON,F,57,GEN,NCP,182,19,201
15,SHAKUR BASTI,7,RAJESH GUPTA,M,55,GEN,IND,196,0,196
15,SHAKUR BASTI,8,SENGOTTAIYAN,M,42,GEN,DMDK,151,0,151
15,SHAKUR BASTI,9,HARISH SAINI,M,35,GEN,NADP,150,0,150
15,SHAKUR BASTI,10,PARVEEN KUMAR,M,30,GEN,RBHP,135,0,135
15,SHAKUR BASTI,11,VIJENDER SINGH,M,63,GEN,SOJP,125,0,125
15,SHAKUR BASTI,12,VAKEEL,M,37,GEN,RVNP,53,0,53
16,TRI NAGAR,1,NAND KISHORE GARG,M,65,GEN,BJP,36900,70,36970
16,TRI NAGAR,2,JITENDER SINGH TOMAR,M,47,GEN,AAAP,34091,70,34161
16,TRI NAGAR,3,ANIL BHARDWAJ,M,47,GEN,INC,24935,27,24962
16,TRI NAGAR,4,RAVI RAJ YADAV,M,29,GEN,BSP,2451,0,2451
16,TRI NAGAR,5,DHARMENDRA KUMAR RAY,M,42,GEN,IND,2312,1,2313
16,TRI NAGAR,6,None of the Above,N/A,N/A,N/A,NOTA,545,3,548
16,TRI NAGAR,7,MOHMAD ZUBER,M,30,GEN,SP,347,0,347
16,TRI NAGAR,8,M. S. SUBRAMANIAN,M,38,GEN,DMDK,297,1,298
16,TRI NAGAR,9,PAWAN,M,33,GEN,IND,257,0,257
16,TRI NAGAR,10,SHIV PRAKASH BANSAL,M,46,GEN,IND,253,0,253
16,TRI NAGAR,11,K. KANNAN,M,32,SC,RLD,157,0,157
16,TRI NAGAR,12,NARENDER SINGHAL,M,39,GEN,IND,122,0,122
16,TRI NAGAR,13,SUKHDEV PASWAN,M,51,GEN,RVNP,100,0,100
16,TRI NAGAR,14,TEK CHAND,M,33,GEN,IND,96,0,96
16,TRI NAGAR,15,SULEMAN KHAN,M,43,GEN,JD(U),91,0,91
16,TRI NAGAR,16,SUNDER SINGH KHARI,M,40,GEN,RKSP,74,0,74
16,TRI NAGAR,17,ILIYASH,M,38,GEN,IBSP,74,0,74
16,TRI NAGAR,18,SIKANDER ALI,M,38,GEN,PECP,61,0,61
17,WAZIRPUR,1,DR MAHANDER NAGPAL,M,54,GEN,BJP,36989,317,37306
17,WAZIRPUR,2,PRAVEEN KUMAR,M,67,GEN,AAAP,31538,194,31732
17,WAZIRPUR,3,HARI SHANKER GUPTA,M,56,GEN,INC,24574,176,24750
17,WAZIRPUR,4,GAGAN,M,33,GEN,IND,3609,0,3609
17,WAZIRPUR,5,PRAMOD SACHDEVA,M,43,GEN,BSP,2319,4,2323
17,WAZIRPUR,6,SUBHASH C SAINI,M,64,GEN,IND,1005,3,1008
17,WAZIRPUR,7,None of the Above,N/A,N/A,N/A,NOTA,649,16,665
17,WAZIRPUR,8,ISHVARI,F,30,GEN,DMDK,362,0,362
17,WAZIRPUR,9,SUNIL KUMAR,M,43,SC,IND,313,1,314
17,WAZIRPUR,10,H. D. ANSARI,M,43,GEN,SP,228,0,228
17,WAZIRPUR,11,MANNU KUMAR @ MUNNA YADAV,M,35,GEN,CPI(ML) (L),169,3,172
17,WAZIRPUR,12,BIHARI LAL,M,78,GEN,BJDI,162,0,162
17,WAZIRPUR,13,KAREY SINGH,M,73,GEN,IND,150,0,150
17,WAZIRPUR,14,RAJ KUMARI,F,60,GEN,RBHP,126,2,128
18,MODEL TOWN,1,AKHILESH PATI TRIPATHI,M,28,GEN,AAAP,38365,127,38492
18,MODEL TOWN,2,ASHOK GOEL,M,46,GEN,BJP,30425,192,30617
18,MODEL TOWN,3,KANWAR KARAN SINGH,M,57,GEN,INC,23863,120,23983
18,MODEL TOWN,5,None of the Above,M,46,GEN,POSTAL TOTAL,1274,5,1279
18,MODEL TOWN,6,ALIHADI,N/A,N/A,N/A,NOTA,733,8,741
18,MODEL TOWN,7,HARISH ARORA,M,49,GEN,JD(U),473,0,473
18,MODEL TOWN,8,RAM PRAKASH,M,43,GEN,IND,313,1,314
18,MODEL TOWN,9,MEENA BEGUM,M,69,GEN,IND,309,0,309
18,MODEL TOWN,10,LALIT KUMAR,F,64,GEN,PECP,176,0,176
18,MODEL TOWN,11,RAJU PRASAD,M,41,GEN,IND,91,1,92
18,MODEL TOWN,12,DEVI DASS SHARMA,M,29,GEN,IND,82,0,82
19,SADAR BAZAR,1,SOM DUTT,M,41,GEN,IND,51,1,52
19,SADAR BAZAR,2,JAI PARKASH,M,37,GEN,AAAP,33940,139,34079
19,SADAR BAZAR,3,RAJESH JAIN,M,43,GEN,BJP,33130,153,33283
19,SADAR BAZAR,4,RAJESH DASS,M,57,GEN,INC,30945,149,31094
19,SADAR BAZAR,5,JAI PARKASH,M,35,GEN,IND,3496,0,3496
19,SADAR BAZAR,6,MIRZA ALI RAZA,M,38,GEN,IND,2783,2,2785
19,SADAR BAZAR,7,None of the Above,M,32,GEN,NOTA,601,6,607
19,SADAR BAZAR,8,VINOD RANA,M,50,GEN,IND,260,3,263
19,SADAR BAZAR,9,JAGMOHAN SINGH,M,62,GEN,ATBP,198,0,198
19,SADAR BAZAR,10,MOHD GULAB,M,35,GEN,LJP,159,1,160
19,SADAR BAZAR,11,MAQSOOD AHMED KHAN,M,25,GEN,IND,156,3,159
19,SADAR BAZAR,12,DAYA RAM SAINI,M,59,GEN,NCP,120,10,130
19,SADAR BAZAR,13,ABDUL KHUBAB,M,33,GEN,IND,86,2,88
19,SADAR BAZAR,14,KHURSHID ALAM,M,32,GEN,IND,57,0,57
19,SADAR BAZAR,15,ASIF ALI,M,40,GEN,IND,43,2,45
20,CHANDNI CHOWK,1,PARLAD SINGH SAWHNEY,M,63,GEN,INC,26264,71,26335
20,CHANDNI CHOWK,2,SUMAN KUMAR GUPTA,M,56,GEN,BJP,18039,53,18092
20,CHANDNI CHOWK,3,VIKRAM BADHWAR,M,44,GEN,AAAP,15275,37,15312
20,CHANDNI CHOWK,4,KHURRUM IQBAL,M,32,GEN,JD(U),7019,13,7032
20,CHANDNI CHOWK,5,MOHD SHAHZAMAN,M,26,GEN,IND,1459,2,1461
20,CHANDNI CHOWK,6,None of the Above,N/A,N/A,N/A,NOTA,487,6,493
20,CHANDNI CHOWK,8,YOGESH KUMAR,M,40,GEN,DETAILED RESULTS VALID VOTES POLLED CANDIDATE NAME,31,103,0
20,CHANDNI CHOWK,9,PAUL M RUFUS,M,44,GEN,AACP,92,0,92
20,CHANDNI CHOWK,10,VIJAY BAHADUR,M,33,SC,LJP,84,0,84
20,CHANDNI CHOWK,11,BALRAM BARI,M,47,GEN,IND,74,0,74
20,CHANDNI CHOWK,12,DEV RAJ,M,57,GEN,IND,71,0,71
20,CHANDNI CHOWK,13,DINESH KUMAR TRIPATHI,M,27,GEN,IND,61,0,61
20,CHANDNI CHOWK,14,MANOJ KUMAR SHARMA,M,36,GEN,RBHP,58,0,58
20,CHANDNI CHOWK,15,ANIL ANAND,M,68,GEN,IND,24,0,24
21,MATIA MAHAL,1,SHOAIB IQBAL,M,55,GEN,JD(U),22715,17,22732
21,MATIA MAHAL,2,MIRZA JAVED ALI,M,44,GEN,INC,19809,32,19841
21,MATIA MAHAL,3,SHAKEEL ANJUM,M,52,GEN,AAAP,18607,61,18668
21,MATIA MAHAL,4,NIZAMUDDIN,M,55,GEN,BJP,6026,35,6061
21,MATIA MAHAL,5,UMAR FARUQ,M,26,GEN,IND,1668,0,1668
21,MATIA MAHAL,6,ABDUL AZIZ SHAH,M,34,GEN,BSP,970,2,972
21,MATIA MAHAL,7,None of the Above,N/A,N/A,N/A,NOTA,290,6,296
21,MATIA MAHAL,8,RAFIULLAH,M,54,GEN,IND,284,0,284
21,MATIA MAHAL,9,MOHAMMAD AHMED SAIFI,M,52,GEN,IND,279,0,279
21,MATIA MAHAL,10,RAJIV SINGHAL,M,49,GEN,PHRC,143,1,144
21,MATIA MAHAL,11,GULFAM,M,46,GEN,BJDI,122,0,122
21,MATIA MAHAL,12,MOHD. SUHAIL,M,25,GEN,IND,111,0,111
21,MATIA MAHAL,13,ROHIT KUMAR GUPTA,M,31,GEN,BPC,109,0,109
21,MATIA MAHAL,14,SATISH,M,37,SC,NADP,85,0,85
21,MATIA MAHAL,15,AMAR NATH,M,44,SC,IND,57,0,57
21,MATIA MAHAL,16,MANOJ SAXSENA,M,40,GEN,LJP,54,1,55
21,MATIA MAHAL,17,RAGHU VANSH VERMA,M,52,GEN,HND,55,0,55
21,MATIA MAHAL,18,BASHIRUDDIN,M,67,GEN,IND,54,0,54
21,MATIA MAHAL,19,SATISH KUMAR DHAWAN,M,58,GEN,IND,40,0,40
21,MATIA MAHAL,20,MOAZAM KHAN,M,30,GEN,RPI(A),37,0,37
22,BALLIMARAN,1,HAROON YUSUF,M,53,GEN,INC,32034,71,32105
22,BALLIMARAN,2,MOTI LAL SODHI,M,62,GEN,BJP,23929,83,24012
22,BALLIMARAN,3,IMRAN HUSSAIN,M,32,GEN,BSP,16249,18,16267
22,BALLIMARAN,4,FARHANA ANJUM,F,37,GEN,AAAP,13079,24,13103
22,BALLIMARAN,5,VIJAY KUMAR,M,27,GEN,LJP,1036,0,1036
22,BALLIMARAN,6,SHIV NARAYAN BAGRI,M,64,GEN,IND,440,2,442
22,BALLIMARAN,7,None of the Above,N/A,N/A,N/A,NOTA,383,2,385
22,BALLIMARAN,8,LAXMAN,M,43,SC,IND,293,0,293
22,BALLIMARAN,9,ANAS,M,31,GEN,JKNPP,250,0,250
22,BALLIMARAN,10,DAULAT RAM,M,68,SC,RPIE,142,1,143
22,BALLIMARAN,11,RAJKUMAR RAJU,M,50,SC,NADP,130,1,131
22,BALLIMARAN,12,BASU,M,31,GEN,IND,128,0,128
22,BALLIMARAN,13,N. K. PURSHARTHI,M,68,GEN,IND,106,1,107
22,BALLIMARAN,14,MUKESH,M,52,GEN,IND,97,0,97
22,BALLIMARAN,15,AFAQUE AHMED,M,30,GEN,RUC,85,0,85
22,BALLIMARAN,16,RAJ KUMAR,M,47,GEN,BJDI,63,0,63
22,BALLIMARAN,17,FAISAL TARIQ,M,26,GEN,RPI(A),52,0,52
22,BALLIMARAN,18,RAVINDER KUMAR,M,47,GEN,SP,50,0,50
23,KAROL BAGH (SC),1,VISHESH RAVI,M,30,SC,AAAP,35688,130,35818
23,KAROL BAGH (SC),2,SURENDER PAL RATAWAL,M,65,SC,BJP,33951,117,34068
23,KAROL BAGH (SC),3,MADAN KHORWAL,M,58,SC,INC,29270,88,29358
23,KAROL BAGH (SC),4,JAWAHAR SINGH,M,60,SC,BSP,1185,15,1200
23,KAROL BAGH (SC),5,None of the Above,N/A,N/A,N/A,NOTA,764,4,768
23,KAROL BAGH (SC),6,RANJAN KHATUMARIA,M,35,SC,SP,489,2,491
23,KAROL BAGH (SC),7,GYAN CHAND,M,51,SC,LJP,171,0,171
23,KAROL BAGH (SC),8,PARVEEN KUMAR,M,34,SC,IND,119,0,119
23,KAROL BAGH (SC),9,MANOJ KUMAR,M,41,SC,IND,110,0,110
23,KAROL BAGH (SC),10,KIRAN,F,25,SC,IND,64,2,66
24,PATEL NAGAR (SC),1,VEENA ANAND,F,47,SC,AAAP,38784,115,38899
24,PATEL NAGAR (SC),2,POORNIMA VIDYARTHI,F,57,SC,BJP,32519,118,32637
24,PATEL NAGAR (SC),3,RAJESH LILOTHIA,M,48,SC,INC,24913,103,25016
24,PATEL NAGAR (SC),4,MANGAL SAIN,M,45,SC,BSP,5052,17,5069
25,MOTI NAGAR,5,None of the Above,,,,NOTA,986,7,102254
25,MOTI NAGAR,1,SUBHASH SACHDEVA,M,57,GEN,BJP,42458,141,42599
25,MOTI NAGAR,2,KULDEEP SINGH CHANNA,M,63,GEN,AAAP,26467,111,26578
25,MOTI NAGAR,3,DR.SUSHIL GUPTA,M,52,GEN,INC,25327,66,25393
25,MOTI NAGAR,4,SANJEEV GUPTA,M,41,GEN,IND,2681,0,2681
25,MOTI NAGAR,5,AVINASH GUPTA,M,38,GEN,BSP,1579,4,1583
25,MOTI NAGAR,6,None of the Above,N/A,N/A,N/A,NOTA,596,8,604
25,MOTI NAGAR,7,ABDUL WAHEED,M,41,GEN,SP,334,0,334
25,MOTI NAGAR,8,SIYA RAM GARG,M,52,GEN,IND,162,0,162
25,MOTI NAGAR,9,DAYA NAND SINGH,M,36,GEN,RVNP,148,0,148
25,MOTI NAGAR,10,JAGDISH CHANDRA,M,48,SC,BASMM,102,0,102
25,MOTI NAGAR,11,RAKESH KHANDURI,M,48,GEN,IND,91,1,92
25,MOTI NAGAR,12,SANJAY RAI,M,25,GEN,NADP,65,0,65
25,MOTI NAGAR,13,MAHAVEER SHARMA,M,53,GEN,IND,42,0,42
25,MOTI NAGAR,14,OM PRAKASH,M,34,GEN,IND,37,0,37
26,MADIPUR (SC),1,GIRISH SONI,M,49,SC,AAAP,36266,127,36393
26,MADIPUR (SC),2,KAILASH SANKLA,M,47,SC,BJP,35201,89,35290
26,MADIPUR (SC),3,MALA RAM GANGWAL,M,63,SC,INC,25465,80,25545
26,MADIPUR (SC),4,MISHRI LAL KHORWAL,M,36,SC,BSP,2155,14,2169
26,MADIPUR (SC),5,None of the Above,N/A,N/A,N/A,NOTA,838,10,848
26,MADIPUR (SC),6,TARA CHAND,M,27,SC,IDP,464,0,464
26,MADIPUR (SC),7,LALIT KUMAR JOHAR,M,26,SC,IND,266,3,269
26,MADIPUR (SC),8,MALA RAM,M,38,SC,IND,185,5,190
27,RAJOURI GARDEN,1,MANJINDER SINGH SIRSA,M,41,GEN,SAD,41614,107,41721
27,RAJOURI GARDEN,2,A DHANWATI CHANDELA A,F,53,GEN,INC,30629,84,30713
27,RAJOURI GARDEN,3,PRIT PAL SINGH,M,57,GEN,AAAP,16886,136,17022
27,RAJOURI GARDEN,4,JAI PRAKASH LOHIA,M,38,GEN,NCP,5735,17,5752
27,RAJOURI GARDEN,5,RAJENDER,M,48,GEN,IND,2467,1,2468
27,RAJOURI GARDEN,6,JASVINDRA SINGH,M,46,GEN,SHS,1387,2,1389
27,RAJOURI GARDEN,7,None of the Above,N/A,N/A,N/A,NOTA,1178,16,1194
27,RAJOURI GARDEN,8,ANIL KUMAR KHANNA,M,51,GEN,BSP,561,4,565
27,RAJOURI GARDEN,9,MOIN KHAN,M,38,GEN,JD(U),311,0,311
27,RAJOURI GARDEN,10,GURCHARAN SINGH,M,32,GEN,DJP,289,19,308
27,RAJOURI GARDEN,11,GIAN SINGH GODPAL,M,48,GEN,IND,186,2,188
27,RAJOURI GARDEN,12,HARUN KHAN,M,46,GEN,IND,172,0,172
27,RAJOURI GARDEN,13,MANISH CHANDILA,M,26,GEN,IND,121,1,122
28,HARI NAGAR,1,JAGDEEP SINGH,M,42,GEN,AAAP,38538,374,38912
28,HARI NAGAR,2,SHYAM SHARMA,M,49,GEN,SAD,29777,259,30036
28,HARI NAGAR,3,HARSHARAN SINGH BALLI,M,65,GEN,INC,22906,205,23111
28,HARI NAGAR,4,SATPAL SINGH,M,39,GEN,IND,4648,1,4649
28,HARI NAGAR,5,SHUBH KARAN,M,48,GEN,BSP,1865,9,1874
28,HARI NAGAR,6,None of the Above,N/A,N/A,N/A,NOTA,903,16,919
28,HARI NAGAR,7,RAJ LAKSHMI SHARMA,F,48,GEN,JD(U),460,4,464
28,HARI NAGAR,8,NEERAJ KAPOOR,M,40,GEN,RBHP,293,2,295
29,TILAK NAGAR,1,JARNAIL SINGH,M,32,GEN,AAAP,34206,287,34493
29,TILAK NAGAR,2,RAJIV BABBAR,M,45,GEN,BJP,32118,287,32405
29,TILAK NAGAR,3,AMRITA DHAWAN,F,28,GEN,INC,18954,163,19117
29,TILAK NAGAR,4,None of the Above,N/A,N/A,N/A,NOTA,597,20,617
29,TILAK NAGAR,5,JAGDISH CHAND,M,63,GEN,BSP,397,12,409
29,TILAK NAGAR,6,SARWAN SINGH,M,45,GEN,IND,308,0,308
29,TILAK NAGAR,8,PARAMJIT SINGH SAINI,M,31,GEN,IND,96,4,100
29,TILAK NAGAR,9,VISHAL SHARMA,M,37,GEN,IND,88,2,90
29,TILAK NAGAR,10,SUDHIR ARORA,M,33,GEN,IND,73,0,73
29,TILAK NAGAR,11,A PREMRAJ CHANDELA A,M,64,GEN,IND,71,0,71
30,JANAKPURI,1,PROF. JAGDISH MUKHI,M,70,GEN,BJP,42425,461,42886
30,JANAKPURI,2,RAJESH RISHI,M,49,GEN,AAAP,39951,291,40242
30,JANAKPURI,3,RAGINI NAYAK,F,31,GEN,INC,17063,128,17191
30,JANAKPURI,4,SANJAY PURI,M,45,GEN,IND,4321,11,4332
30,JANAKPURI,5,HARI PRAKASH SINGH,M,44,GEN,BSP,1009,10,1019
30,JANAKPURI,6,None of the Above,N/A,N/A,N/A,NOTA,793,12,805
30,JANAKPURI,7,PANKAJ SINGH,M,32,GEN,JD(U),378,1,379
30,JANAKPURI,8,VIRENDER JHA,M,50,GEN,PBI,304,0,304
30,JANAKPURI,9,SUKH LAL,M,61,SC,IND,142,0,142
30,JANAKPURI,10,K SWARNA,F,53,GEN,DMDK,109,1,110
30,JANAKPURI,11,ALOK SHARMA,M,40,GEN,IND,68,3,71
30,JANAKPURI,12,DEEPAK ARORA,M,29,GEN,IND,70,1,71
31,VIKASPURI,1,MAHINDER YADAV,M,49,GEN,AAAP,61798,234,62032
31,VIKASPURI,2,KRISHAN GAHLOT,M,39,GEN,BJP,61341,286,61627
31,VIKASPURI,3,NAND KISHORE,M,43,GEN,INC,47144,187,47331
31,VIKASPURI,4,SANJAY KUMAR,M,37,GEN,BSP,4147,22,4169
31,VIKASPURI,5,None of the Above,N/A,N/A,N/A,NOTA,1416,10,1426
31,VIKASPURI,6,JITENDER DAHIYA,M,27,GEN,IND,1267,0,1267
31,VIKASPURI,7,NARESH KUMAR,M,48,GEN,JD(U),1190,1,1191
31,VIKASPURI,8,SANGEETA CHAUHAN,F,33,GEN,SHS,634,0,634
31,VIKASPURI,9,SURESH KUMAR,M,39,SC,IND,522,1,523
31,VIKASPURI,10,RADHEY SHYAM SINGH,M,40,GEN,IND,295,0,295
31,VIKASPURI,11,MOHD. NAEEM,M,62,GEN,IND,218,0,218
32,UTTAM NAGAR,1,PAWAN SHARMA,M,54,GEN,BJP,48120,257,48377
32,UTTAM NAGAR,2,MUKESH SHARMA,M,48,GEN,INC,41895,136,42031
32,UTTAM NAGAR,3,DESH RAJ RAGHAV,M,47,GEN,AAAP,33458,161,33619
32,UTTAM NAGAR,4,SHYAM BABU GUPTA,M,44,GEN,IND,5271,1,5272
32,UTTAM NAGAR,5,RAJA RAM,M,45,SC,BSP,1620,6,1626
32,UTTAM NAGAR,6,None of the Above,N/A,N/A,N/A,NOTA,1028,13,1041
32,UTTAM NAGAR,7,KULDEEP,M,30,GEN,IND,261,0,261
32,UTTAM NAGAR,8,NIRMALA DEVI,F,45,GEN,SHS,236,0,236
32,UTTAM NAGAR,9,RAMESH KUMAR JAIN,M,37,GEN,IND,217,0,217
32,UTTAM NAGAR,10,VINOD KUMAR SINGH,M,47,GEN,JD(U),205,0,205
32,UTTAM NAGAR,11,VEENU SAHAI,F,35,SC,BHBP,97,1,98
33,DWARKA,1,PARDUYMN RAJPUT,M,50,GEN,BJP,42467,267,42734
33,DWARKA,2,RAVI KUMAR SURYAN,M,39,GEN,AAAP,37363,174,37537
33,DWARKA,3,TASVEER SOLANKI,M,32,GEN,INC,23336,151,23487
33,DWARKA,4,RAJNEESH KUMAR JHA,M,29,GEN,NYP,4396,2,4398
33,DWARKA,5,PRAMOD KUMAR,M,42,GEN,JD(U),2742,9,2751
33,DWARKA,6,RAJIV KUMAR GAUTAM,M,41,SC,BSP,1748,12,1760
33,DWARKA,7,None of the Above,N/A,N/A,N/A,NOTA,718,11,729
33,DWARKA,8,MUKESH KUMAR CHAUDHARY,M,45,GEN,CPM,683,1,684
33,DWARKA,9,RAJESH,M,28,GEN,AACP,220,5,225
33,DWARKA,10,MUKESH KUMAR TANWAR,M,45,GEN,IND,169,0,169
33,DWARKA,11,ANIL SINGH,M,50,GEN,IND,90,0,90
34,MATIALA,1,RAJESH GAHLOT,M,49,GEN,BJP,69541,512,70053
34,MATIALA,2,GULAB SINGH,M,35,GEN,AAAP,65760,291,66051
34,MATIALA,3,SUMESH SHOKEEN,M,39,GEN,INC,48152,206,48358
34,MATIALA,4,SATENDRA SINGH RANA,M,41,GEN,IND,2713,5,2718
34,MATIALA,5,SRI NIWAS YADAV,M,34,GEN,BSP,2392,19,2411
34,MATIALA,6,NARENDER YADAV,M,36,GEN,SP,739,4,743
34,MATIALA,7,None of the Above,N/A,N/A,N/A,NOTA,628,8,636
34,MATIALA,8,RAVINDER KUMAR,M,28,GEN,IND,488,0,488
34,MATIALA,9,AJAY KUMAR PANDEY,M,63,GEN,PPGP,467,2,469
34,MATIALA,10,RAKESH KUMAR,M,42,GEN,IND,448,0,448
34,MATIALA,11,RENU PODDAR,F,40,GEN,PBI,326,0,326
34,MATIALA,12,GIRJANAND SINGH,M,50,GEN,RPI(A),271,0,271
34,MATIALA,13,POORAN SINGH,M,66,SC,IND,194,0,194
34,MATIALA,14,POONAM,F,38,GEN,IND,152,0,152
34,MATIALA,15,RANDHIR SINGH,M,48,GEN,IND,135,0,135
34,MATIALA,16,SUBHASH TOMAR,M,40,GEN,RLD,118,0,118
34,MATIALA,17,SUMITRA,F,48,GEN,LJP,116,0,116
34,MATIALA,18,SHRIPAL,M,37,SC,IND,115,0,115
34,MATIALA,19,KAILASH,M,37,GEN,IND,97,0,97
34,MATIALA,20,RAJA KUMAR SINGH,M,32,GEN,RVNP,92,0,92
35,NAJAFGARH,1,AJEET SINGH KHARKHARI,M,58,GEN,BJP,53495,863,54358
35,NAJAFGARH,2,BHARAT SINGH,M,35,GEN,INLD,44242,348,44590
35,NAJAFGARH,3,MUKESH KUMAR DAGAR,M,36,GEN,AAAP,22540,258,22798
35,NAJAFGARH,4,BIJANDER DUTT,M,49,GEN,INC,10485,148,10633
35,NAJAFGARH,5,AJIT SINGH,M,55,GEN,BSP,6537,81,6618
35,NAJAFGARH,6,NEELAM,F,40,GEN,IND,2657,3,2660
35,NAJAFGARH,7,None of the Above,N/A,N/A,N/A,NOTA,718,15,733
35,NAJAFGARH,8,OM PRAKASH SINGH,M,61,GEN,SP,513,0,513
35,NAJAFGARH,9,BAIDYANATH SAH,M,48,GEN,PBI,311,1,312
35,NAJAFGARH,10,PANKAJ,M,34,GEN,IND,236,1,237
35,NAJAFGARH,11,INDERJIT,M,31,GEN,IND,232,0,232
35,NAJAFGARH,12,BIMLA,F,49,SC,RBHP,138,0,138
36,BIJWASAN,1,SAT PRAKASH RANA,M,48,GEN,BJP,35752,236,35988
36,BIJWASAN,2,COLONEL DEVINDER SEHRAWAT,M,48,GEN,AAAP,33359,215,33574
36,BIJWASAN,3,VIJAY SINGH LOCHAV,M,63,GEN,INC,18016,157,18173
36,BIJWASAN,4,NARENDER RANA,M,34,GEN,BSP,12011,42,12053
36,BIJWASAN,5,SURENDER BHARDWAJ,M,39,GEN,SP,2349,21,2370
36,BIJWASAN,6,None of the Above,N/A,N/A,N/A,NOTA,676,12,688
36,BIJWASAN,7,JAY VIR SINGH,M,36,GEN,JD(U),499,1,500
36,BIJWASAN,8,INDER SINGH,M,65,GEN,IND,286,4,290
36,BIJWASAN,9,OMBIR SINGH NAUGHWAR,M,50,GEN,IND,239,0,239
37,PALAM,1,DHARM DEV SOLANKI,M,62,GEN,BJP,42608,225,42833
37,PALAM,2,BHAWNA GAUR,F,42,GEN,AAAP,34261,200,34461
37,PALAM,3,MADAN MOHAN,M,43,SC,BSP,24772,90,24862
37,PALAM,4,VINAY MISHRA,M,30,GEN,INC,19403,128,19531
37,PALAM,5,NEERAJ KR SHARMA,M,26,GEN,NYP,3631,0,3631
37,PALAM,6,SUNIL POKHRIYAL,M,42,GEN,JD(U),1056,7,1063
37,PALAM,7,None of the Above,N/A,N/A,N/A,NOTA,887,16,903
37,PALAM,8,SAROJ BALA,F,37,GEN,CPI,494,4,498
37,PALAM,9,RAJENDRA PRASAD SINGH,M,60,GEN,IND,273,0,273
37,PALAM,10,P. RATHINAM,M,34,GEN,DMDK,230,0,230
37,PALAM,11,DALIP,M,45,GEN,IND,176,0,176
37,PALAM,12,PRAHLAD RANA,M,66,GEN,RLD,165,0,165
38,DELHI CANTT,1,SURENDER SINGH,M,34,GEN,AAAP,25929,195,26124
38,DELHI CANTT,2,KARAN SINGH TANWAR,M,61,GEN,BJP,25509,260,25769
38,DELHI CANTT,3,ASHOK KUMAR JAIN,M,59,GEN,INC,11891,97,11988
38,DELHI CANTT,4,RAJESH PIHAL,M,41,SC,BSP,737,8,745
38,DELHI CANTT,5,None of the Above,N/A,N/A,N/A,NOTA,470,8,478
38,DELHI CANTT,6,RAVI KUMAR,M,25,GEN,IND,175,1,176
38,DELHI CANTT,7,SUNIL KUMAR SINGH,M,48,GEN,IND,144,2,146
38,DELHI CANTT,8,SANJEEV TOKAS,M,38,GEN,IND,143,0,143
38,DELHI CANTT,9,SANJAY KUMAR NANDA,M,42,SC,SHS,120,0,120
38,DELHI CANTT,10,SURENDER KUMAR,M,48,SC,IND,94,0,94
38,DELHI CANTT,11,HEERA LAL,M,50,SC,RJAP,44,0,44
38,DELHI CANTT,12,ASHOK JINDAL,M,53,GEN,IND,33,1,34
39,RAJINDER NAGAR,1,R.P.SINGH,M,52,GEN,BJP,35562,151,35713
39,RAJINDER NAGAR,2,VIJENDER GARG VIJAY,M,50,GEN,AAAP,33776,141,33917
39,RAJINDER NAGAR,3,RAMA KANT GOSWAMI,M,69,GEN,INC,20702,115,20817
39,RAJINDER NAGAR,4,TRILOK CHAND SHARMA,M,50,GEN,BSP,4777,17,4794
39,RAJINDER NAGAR,5,VINOD BHATT,M,32,GEN,IND,1720,0,1720
39,RAJINDER NAGAR,6,None of the Above,N/A,N/A,N/A,NOTA,547,5,552
39,RAJINDER NAGAR,7,RAM KUMAR TANWAR,M,52,GEN,IND,405,1,406
39,RAJINDER NAGAR,8,VINOD KUMAR SHRIVASTAVA,M,48,GEN,JD(U),358,0,358
39,RAJINDER NAGAR,9,VIJAY GUPTA,M,47,GEN,IND,264,0,264
39,RAJINDER NAGAR,10,MD. SHOAIB,M,26,GEN,SP(I),200,1,201
39,RAJINDER NAGAR,11,SADHANA,F,38,GEN,RPIE,160,0,160
39,RAJINDER NAGAR,12,P.D. THANAPPAN,M,63,GEN,DMDK,152,0,152
39,RAJINDER NAGAR,13,SWADESH OHRI,M,72,GEN,ATBP,149,0,149
39,RAJINDER NAGAR,14,AJAY KUMAR KALIA,M,58,GEN,NADP,141,1,142
39,RAJINDER NAGAR,15,RAJANI CHAUHAN,F,48,GEN,PHRC,132,2,134
39,RAJINDER NAGAR,16,SANNO,F,37,GEN,RVNP,123,0,123
39,RAJINDER NAGAR,17,NEELAM MAHAJAN,F,54,GEN,IND,103,0,103
40,NEW DELHI,1,ARVIND KEJRIWAL,M,45,GEN,AAAP,43751,518,44269
40,NEW DELHI,2,SHEILA DIKSHIT,F,75,GEN,INC,18125,280,18405
40,NEW DELHI,3,VIJENDER KUMAR,M,50,GEN,BJP,17625,327,17952
40,NEW DELHI,4,RITU SINGH,F,46,GEN,BSP,589,16,605
40,NEW DELHI,5,None of the Above,N/A,N/A,N/A,NOTA,453,7,460
40,NEW DELHI,6,ANITA,F,43,GEN,SP(I),258,2,260
40,NEW DELHI,7,LAXMI NARAYAN,M,35,GEN,IND,208,0,208
40,NEW DELHI,8,G S MANI,M,35,GEN,DMDK,203,2,205
40,NEW DELHI,9,LILA DEVI,F,51,GEN,IND,82,1,83
40,NEW DELHI,10,JAGDISH KUMAR GHAI,M,64,GEN,IND,82,0,82
40,NEW DELHI,11,SANJAY KUMAR,M,35,GEN,RAJSP,60,2,62
40,NEW DELHI,12,ASHISH KAPUR,M,40,GEN,IND,58,0,58
40,NEW DELHI,13,ASAD MIYAN,M,42,GEN,IND,35,4,39
40,NEW DELHI,14,ANAND KUMAR RAI,M,28,GEN,IND,39,0,39
40,NEW DELHI,15,RAJ KUMAR PARIHAR,M,38,GEN,DJP,22,0,22
40,NEW DELHI,16,SHIV KUMAR TIWARI,M,39,GEN,ABHM,21,0,21
40,NEW DELHI,17,SHANKAR SHAH,M,52,GEN,RVNP,16,1,17
40,NEW DELHI,18,K.P. SANKARAN MENON,M,68,GEN,RBHP,15,0,15
41,JANGPURA,1,MANINDER SINGH DHIR,M,61,GEN,AAAP,29607,94,29701
41,JANGPURA,2,TARVINDER SINGH MARWAH,M,54,GEN,INC,27873,84,27957
41,JANGPURA,3,PANKAJ JAIN,M,43,GEN,BJP,18876,102,18978
41,JANGPURA,4,RAKESH,M,26,GEN,JD(U),1522,1,1523
41,JANGPURA,5,SURESH CHAND,M,58,GEN,BSP,590,10,600
41,JANGPURA,6,None of the Above,N/A,N/A,N/A,NOTA,545,10,555
41,JANGPURA,7,VIJAY CHOUDARY,M,59,GEN,IND,296,3,299
41,JANGPURA,8,A. SHIVA,M,37,GEN,DMDK,256,0,256
41,JANGPURA,9,SANDEEP SINGH,M,35,GEN,ABVCP Telephone,243,0,243
41,JANGPURA,10,PREM SAGAR,M,49,GEN,IJP,124,0,124
41,JANGPURA,11,TARUN SAINI,M,31,GEN,IND,72,0,72
41,JANGPURA,12,DEEPAK BISWAS,M,52,GEN,IND,66,1,67
42,KASTURBA NAGAR,1,MADAN LAL,M,57,GEN,AAAP,33400,209,33609
42,KASTURBA NAGAR,2,SHIKHA ROY,F,49,GEN,BJP,28666,269,28935
42,KASTURBA NAGAR,3,NEERAJ BASOYA,M,37,GEN,INC,24057,170,24227
42,KASTURBA NAGAR,4,None of the Above,N/A,N/A,N/A,NOTA,604,3,607
42,KASTURBA NAGAR,5,SURESH KUMAR VERMA,M,38,GEN,BSP,474,4,478
42,KASTURBA NAGAR,6,BEER SINGH NEGI,M,52,GEN,SSGP,151,0,151
42,KASTURBA NAGAR,7,COLONEL ANIL JOTWANI (RETIRED),M,50,GEN,IND,147,1,148
42,KASTURBA NAGAR,8,BACHO,M,36,GEN,NADP,137,3,140
42,KASTURBA NAGAR,9,BISWAMBAR NAYAK,M,41,GEN,IND,89,1,90
43,MALVIYA NAGAR,1,SHRI SOMNATH BHARTI,M,39,GEN,AAAP,32164,94,32258
43,MALVIYA NAGAR,2,MS. ARTI MEHRA,F,50,GEN,BJP,24350,136,24486
43,MALVIYA NAGAR,3,MS. KIRAN WALIA,F,69,GEN,INC,20418,82,20500
43,MALVIYA NAGAR,4,KISHOR,M,48,GEN,AACP,2389,0,2389
43,MALVIYA NAGAR,6,None of the Above,M,40,GEN,POSTAL TOTAL,735,6,741
43,MALVIYA NAGAR,7,CHAHAT MIYAN,N/A,N/A,N/A,NOTA,373,2,375
43,MALVIYA NAGAR,8,MRS. SHARMILA,M,30,GEN,SP,246,1,247
43,MALVIYA NAGAR,9,SHRI RAJEEV KUMAR,F,30,GEN,DMDK,183,1,184
43,MALVIYA NAGAR,10,SHRI RAFIK,M,40,GEN,IND,133,1,134
43,MALVIYA NAGAR,11,MOHD. YUSUF,M,51,GEN,PECP,128,1,129
43,MALVIYA NAGAR,12,SUNIL ATREE,M,27,GEN,BHBP,93,0,93
43,MALVIYA NAGAR,13,SHRI HANNAN AHMED,M,52,GEN,NCP,87,1,88
43,MALVIYA NAGAR,14,BHART KUMAR SHAHOO,M,51,GEN,NADP,46,1,47
43,MALVIYA NAGAR,15,KIRAN,M,25,GEN,IND,45,0,45
43,MALVIYA NAGAR,16,PREM SINGH,F,29,GEN,AA S P,36,0,36
43,MALVIYA NAGAR,17,SHRI JAVED FAROOQUI,M,42,SC,JKNPP,32,0,32
44,R K PURAM,1,ANIL KUMAR SHARMA,M,40,GEN,LJP,30,0,30
44,R K PURAM,2,SHAZIA ILMI MALIK,M,42,GEN,BJP,27709,308,28017
44,R K PURAM,3,BARKHA SHUKLA SINGH,F,43,GEN,AAAP,27476,215,27691
44,R K PURAM,4,DHIRAJ KUMAR TOKAS,F,54,GEN,INC,19540,139,19679
44,R K PURAM,5,None of the Above,M,38,GEN,NOTA,522,6,528
44,R K PURAM,6,MAHAVEER SINGH,M,33,GEN,PPGP,222,0,222
44,R K PURAM,7,UTTAM KUMAR,M,46,GEN,NADP,210,1,211
44,R K PURAM,8,S.D. PRAKASH,M,28,GEN,DMDK,163,2,165
44,R K PURAM,9,GIANDEV GUPTA,M,61,GEN,AACP,109,0,109
44,R K PURAM,10,RASHID ILMI,M,42,GEN,IND,97,2,99
44,R K PURAM,11,KULDEEP SINGH AHLAWAT,M,51,GEN,IND,72,0,72
45,MEHRAULI,1,PARVESH SAHIB SINGH,M,35,GEN,Constituency,84468,36,37306
45,MEHRAULI,2,NARINDER SINGH SEJWAL,M,37,GEN,AAAP,32790,127,32917
45,MEHRAULI,3,DR. YOGANAND SHASTRI,M,68,GEN,INC,21363,131,21494
45,MEHRAULI,5,None of the Above,M,56,GEN,POSTAL TOTAL,3155,15,3170
45,MEHRAULI,6,PREM DUTT SHARMA,N/A,N/A,N/A,NOTA,651,6,657
45,MEHRAULI,7,NARENDER SINGH,M,65,GEN,NCP,639,5,644
45,MEHRAULI,8,BIMLESH KUMAR JHA,M,29,GEN,AACP,206,3,209
45,MEHRAULI,9,ANUPAM KUMAR SHARMA,M,33,GEN,IND,116,1,117
46,CHHATARPUR,1,BRAHM SINGH TANWAR,M,44,GEN,IND,105,0,105
46,CHHATARPUR,2,BALRAM TANWAR,M,61,GEN,BJP,49763,212,49975
46,CHHATARPUR,3,RISHI PAL,M,55,GEN,INC,33732,119,33851
46,CHHATARPUR,4,AMIT KUMAR,M,46,GEN,AAAP,22183,102,22285
46,CHHATARPUR,5,SHIV DUTT SHARMA,M,31,SC,BSP,2494,13,2507
46,CHHATARPUR,6,None of the Above,M,45,GEN,NOTA,716,2,718
46,CHHATARPUR,7,RAM SIRJAN BHAGAT,M,49,GEN,PBI,369,1,370
46,CHHATARPUR,8,BABU LAL,M,36,SC,IND,245,0,245
46,CHHATARPUR,9,ASHOK,M,25,GEN,SHS,180,0,180
47,DEOLI (SC),1,PRAKASH,M,25,SC,AAAP,51566,80,51646
47,DEOLI (SC),2,GAGAN RANA @ GAGAN SHRI LAL PRADHAN,M,30,SC,BJP,34442,96,34538
47,DEOLI (SC),3,ARVINDER SINGH,M,48,SC,INC,26055,85,26140
47,DEOLI (SC),4,KISHOR KUMAR RAJORA,M,39,SC,BSP,4398,21,4419
47,DEOLI (SC),5,None of the Above,N/A,N/A,N/A,NOTA,836,2,838
48,AMBEDKAR NAGAR (SC),1,ASHOK KUMAR,M,40,SC,SC,36058,181,36239
48,AMBEDKAR NAGAR (SC),2,KHUSHI RAM CHUNAR,M,39,SC,BJP,24400,169,24569
48,AMBEDKAR NAGAR (SC),3,CH. PREM SINGH,M,80,SC,INC,19597,156,19753
48,AMBEDKAR NAGAR (SC),4,GHAN SHYAM DASS,M,64,SC,BSP,3227,23,3250
48,AMBEDKAR NAGAR (SC),5,None of the Above,N/A,N/A,N/A,NOTA,559,9,568
48,AMBEDKAR NAGAR (SC),6,RADHEY SHYAM,M,41,SC,IND,329,1,330
48,AMBEDKAR NAGAR (SC),7,GOPAL KRISHAN,M,28,SC,JKNPP,238,0,238
48,AMBEDKAR NAGAR (SC),8,RAJVEER SINGH,M,40,SC,IND,190,0,190
48,AMBEDKAR NAGAR (SC),9,RAMESH CHANDER CHHAZLAAN,M,60,SC,BHBP,186,2,188
48,AMBEDKAR NAGAR (SC),10,RAJ KUMAR BANEWAL,M,49,SC,IJP,101,3,104
49,SANGAM VIHAR,1,DINESH MOHANIYA,M,35,GEN,AAAP,24819,32,24851
49,SANGAM VIHAR,2,SHIV CHARAN LAL GUPTA,M,60,GEN,BJP,24037,37,24074
49,SANGAM VIHAR,3,JAG PARVESH,M,41,GEN,INC,16413,22,16435
49,SANGAM VIHAR,4,VIR SINGH,M,58,GEN,BSP,9834,16,9850
49,SANGAM VIHAR,5,SHISH PAL SINGH,M,56,GEN,JD(U),8999,11,9010
49,SANGAM VIHAR,6,DASHRATH CHAUHAN,M,40,GEN,IND,1499,1,1500
49,SANGAM VIHAR,7,SHAHID,M,38,GEN,PECP,753,0,753
49,SANGAM VIHAR,8,KALPANA JHA,F,41,GEN,IND,507,1,508
49,SANGAM VIHAR,9,AMARJEET VERMA,M,43,GEN,PBI,484,0,484
49,SANGAM VIHAR,10,None of the Above,N/A,N/A,N/A,NOTA,297,1,298
49,SANGAM VIHAR,11,LOKESH KUMAR,M,29,SC,IND,281,0,281
49,SANGAM VIHAR,12,DIWAKAR JHA,M,41,GEN,IND,246,0,246
49,SANGAM VIHAR,13,RAMA WATI,F,36,GEN,RAMSP Gas Stove,199,0,199
49,SANGAM VIHAR,14,SHAILENDRA KUMAR,M,36,GEN,IND,193,0,193
49,SANGAM VIHAR,15,RITA GILL,F,44,GEN,IJP,171,1,172
49,SANGAM VIHAR,16,DIPANKAR BANERJEE,M,28,GEN,RAJSP,152,0,152
49,SANGAM VIHAR,17,NARESH SHARMA,M,27,GEN,SP,90,1,91
49,SANGAM VIHAR,18,MOHD. YOUNUS,M,46,GEN,LJP,70,0,70
50,GREATER KAILASH,1,SAURABH BHARADWAJ,M,33,GEN,AAAP,42924,173,43097
50,GREATER KAILASH,2,AJAY KUMAR MALHOTRA,M,52,GEN,BJP,29897,108,30005
50,GREATER KAILASH,3,VIRENDER KASANA,M,45,GEN,INC,19641,73,19714
50,GREATER KAILASH,4,MUKESH BHARDWAJ,M,40,GEN,BSP,900,12,912
50,GREATER KAILASH,5,None of the Above,N/A,N/A,N/A,NOTA,636,3,639
50,GREATER KAILASH,6,ASHOK KUMAR,M,31,SC,IND,426,1,427
50,GREATER KAILASH,7,NANHEY KHAN QURESHI,M,56,GEN,SP,425,1,426
51,KALKAJI,1,HARMEET SINGH,M,45,GEN,BJP,30586,97,30683
51,KALKAJI,2,DHARAMBIR SINGH,M,50,GEN,AAAP,28551,88,28639
51,KALKAJI,3,SUBHASH CHOPRA,M,66,GEN,INC,25711,76,25787
51,KALKAJI,4,DHARMENDER KUMAR,M,37,GEN,IND,3090,2,3092
51,KALKAJI,5,AJAY KR AGGARWAL,M,31,GEN,BSP,1232,3,1235
51,KALKAJI,6,None of the Above,N/A,N/A,N/A,NOTA,576,5,581
51,KALKAJI,7,MOHD VIKKI KHAN,M,48,GEN,JSMP,176,0,176
51,KALKAJI,8,RAMU,M,38,GEN,DMDK,172,0,172
51,KALKAJI,9,SUSHIL GARG,M,38,GEN,IND,162,0,162
51,KALKAJI,10,SURENDER SINGH,M,45,GEN,IND,122,2,124
51,KALKAJI,11,BHESH DHARI,M,33,GEN,IND,82,1,83
51,KALKAJI,12,SUMAN YADAV,F,36,GEN,SP,76,2,78
51,KALKAJI,13,RAMESH CHAND YADAV,M,30,GEN,JKNPP,49,0,49
52,TUGHLAKABAD,1,RAMESH BIDHURI,M,52,GEN,BJP,33931,78,34009
52,TUGHLAKABAD,2,SAHI RAM,M,52,GEN,BSP,28006,57,28063
52,TUGHLAKABAD,3,MANOJ KUMAR RAY,M,30,GEN,AAAP,12416,49,12465
52,TUGHLAKABAD,4,OM PARKASH,M,52,GEN,INC,9744,37,9781
52,TUGHLAKABAD,5,SHISH PAL,M,59,GEN,IND,1269,0,1269
52,TUGHLAKABAD,6,MOHD. SHABBIR,M,44,GEN,JD(U),460,0,460
52,TUGHLAKABAD,7,None of the Above,N/A,N/A,N/A,NOTA,457,0,457
52,TUGHLAKABAD,8,HANSRAJ NAGAR,M,32,GEN,IND,195,0,195
52,TUGHLAKABAD,9,AMIT BIDHURI,M,31,GEN,IND,177,0,177
52,TUGHLAKABAD,10,REKHA SINGH,F,43,GEN,IND,115,0,115
52,TUGHLAKABAD,11,BIRJU NAYAK,M,38,GEN,IND,106,2,108
52,TUGHLAKABAD,12,MAHIPAL SINGH,M,43,SC,IND,80,1,81
52,TUGHLAKABAD,13,BALVEER,M,49,GEN,IND,60,0,60
53,BADARPUR,1,RAMBIR SINGH BIDHURI,M,60,GEN,BJP,45193,151,45344
53,BADARPUR,2,RAM SINGH NETAJI,M,57,GEN,INC,31411,79,31490
53,BADARPUR,3,NAR SINGH SHAH,M,41,ST,BSP,30242,104,30346
53,BADARPUR,4,NARAYAN DUTT SHARMA,M,40,GEN,AAAP,20781,52,20833
53,BADARPUR,5,OM PRAKASH GUPTA,M,61,GEN,IND,1274,1,1275
53,BADARPUR,6,None of the Above,N/A,N/A,N/A,NOTA,703,1,704
53,BADARPUR,7,LAL DEVENDER SINGH CHAUHAN,M,52,GEN,IND,448,0,448
53,BADARPUR,8,KALYAN SINGH MAAN,M,55,GEN,RLD,421,1,422
53,BADARPUR,9,RAM NATH SHARMA,M,50,GEN,IND,271,0,271
53,BADARPUR,10,YASH PAL SINGH,M,37,GEN,IND,258,0,258
53,BADARPUR,11,YOGESH,M,32,GEN,IJP,243,0,243
53,BADARPUR,12,JAY PRAKASH YADAV,M,44,GEN,SP,233,1,234
53,BADARPUR,13,CHAMPA DEVI,F,42,GEN,JD(U),205,0,205
53,BADARPUR,14,KAMTA MISHRA,M,52,GEN,IND,152,1,153
53,BADARPUR,15,AMRESH KUMAR CHAUDHARY,M,37,GEN,IND,129,0,129
53,BADARPUR,16,BIJENDER SINGH LOHIA,M,38,GEN,IND,105,0,105
54,OKHLA,1,ASIF MOHD KHAN,M,49,GEN,INC,49936,68,50004
54,OKHLA,2,IRFANULLAH KHAN,M,60,GEN,AAAP,23434,25,23459
54,OKHLA,3,DHIR SINGH BIDHURI,M,57,GEN,BJP,23334,24,23358
54,OKHLA,4,BRAHAM SINGH,M,49,GEN,BSP,20380,12,20392
54,OKHLA,5,SHOAB DANISH,M,48,GEN,JD(U),9708,27,9735
54,OKHLA,6,AMANATULLAH KHAN,M,39,GEN,LJP,3745,2,3747
54,OKHLA,7,AMIRUDDIN,M,53,GEN,SP,2394,1,2395
54,OKHLA,8,MUSARRAT ALI KHAN,M,39,GEN,PECP,1081,0,1081
54,OKHLA,9,SANTOSH KUMAR,M,35,GEN,IND,736,1,737
54,OKHLA,10,PRONAB HALDAR,M,38,GEN,CPI,660,0,660
54,OKHLA,11,None of the Above,N/A,N/A,N/A,NOTA,454,0,454
54,OKHLA,12,VED PRAKASH,M,46,GEN,AP,320,0,320
54,OKHLA,13,MOHD SHAMEEM,M,44,GEN,IND,278,0,278
54,OKHLA,14,KHURRUM ANIS OMER,M,50,GEN,IUML,270,0,270
54,OKHLA,15,A.S. SHAMIM,M,59,GEN,IND,202,0,202
54,OKHLA,16,ALAUDDIN,M,48,GEN,IND,164,0,164
54,OKHLA,17,ABDUL QAYYUM,M,43,GEN,SP(I),140,0,140
54,OKHLA,18,KALIMULLAH SIDDIQUI,M,45,GEN,BASPB,108,0,108
54,OKHLA,19,S M NOORULLAH,M,43,GEN,RUC,86,0,86
55,TRILOKPURI (SC),1,RAJU,M,39,SC,AAAP,43960,122,44082
55,TRILOKPURI (SC),2,SUNIL KUMAR,M,46,SC,BJP,26243,154,26397
55,TRILOKPURI (SC),3,HARNAM SINGH,M,37,SC,INC,19702,72,19774
55,TRILOKPURI (SC),4,VIJAY PAL,M,47,SC,BSP,16053,46,16099
55,TRILOKPURI (SC),5,JAGDEESH PRASAD,M,45,SC,IND,4171,4,4175
55,TRILOKPURI (SC),6,None of the Above,N/A,N/A,N/A,NOTA,662,4,666
55,TRILOKPURI (SC),7,PRITAM,M,46,SC,JD(U),639,1,640
55,TRILOKPURI (SC),8,KHUBI RAM,M,43,SC,CPI,476,0,476
55,TRILOKPURI (SC),9,SUBHASH CHAND,M,38,SC,IND,211,1,212
55,TRILOKPURI (SC),10,BITTOO SINGH,M,40,SC,HJP,198,2,200
55,TRILOKPURI (SC),11,SATPAL SINGH,M,45,SC,IPP,196,1,197
55,TRILOKPURI (SC),12,AJAY,M,48,SC,IND,174,1,175
55,TRILOKPURI (SC),13,PADAM CHAND,M,60,SC,IND,152,0,152
56,KONDLI (SC),1,MANOJ KUMAR,M,34,SC,AAAP,36737,126,36863
56,KONDLI (SC),2,DUSHYANT KUMAR GAUTAM,M,56,SC,BJP,29205,168,29373
56,KONDLI (SC),3,AMRISH SINGH GAUTAM,M,56,SC,INC,24577,153,24730
56,KONDLI (SC),4,CHAMAN KUMAR,M,38,SC,BSP,14836,152,14988
56,KONDLI (SC),5,None of the Above,N/A,N/A,N/A,NOTA,639,8,647
56,KONDLI (SC),6,GURBACHAN SINGH,M,69,SC,RPIE,573,1,574
56,KONDLI (SC),7,REKHA,F,40,SC,PBI,232,0,232
56,KONDLI (SC),8,RAMRUP,M,44,SC,CPI(ML) (L),202,1,203
56,KONDLI (SC),9,JITENDRA KAPIL,M,42,SC,IND,152,1,153
56,KONDLI (SC),10,DHARMENDRA DHORIWAL,M,39,SC,AICP,130,1,131
57,PATPARGANJ,1,MANISH SISODIA,M,41,GEN,AAAP,49960,251,50211
57,PATPARGANJ,2,NAKUL BHARDWAJ,M,33,GEN,BJP,38513,222,38735
57,PATPARGANJ,3,ANIL KUMAR,M,37,GEN,INC,27923,144,28067
57,PATPARGANJ,4,IRSHAD ALI,M,53,GEN,BSP,2094,33,2127
57,PATPARGANJ,5,None of the Above,N/A,N/A,N/A,NOTA,469,6,475
57,PATPARGANJ,6,KEHAR SINGH,M,57,GEN,CPI,360,2,362
57,PATPARGANJ,7,RAJ KISHOR,M,38,GEN,AP,263,1,264
57,PATPARGANJ,8,SAR VENDRA SINGH PAL,M,41,GEN,NCP,201,5,206
57,PATPARGANJ,9,KUNWAR PAL SINGH,M,57,GEN,KAJP,162,0,162
57,PATPARGANJ,10,VINOD KUMAR SINGH GAUTAM,M,45,GEN,CPI(ML) (L),146,0,146
57,PATPARGANJ,11,RAJPAL SINGH,M,41,SC,IND,96,1,97
57,PATPARGANJ,12,NAIM KHAN,M,44,GEN,IND,54,0,54
58,LAXMI NAGAR,1,VINOD KUMAR BINNY,M,39,GEN,AAAP,42869,183,43052
58,LAXMI NAGAR,2,ASHOK KUMAR WALIA,M,64,GEN,INC,35069,231,35300
58,LAXMI NAGAR,3,ABHAY KUMAR VERMA,M,40,GEN,BJP,33622,227,33849
58,LAXMI NAGAR,4,MOHAMMED NAEEM,M,37,GEN,IND,3410,0,3410
58,LAXMI NAGAR,5,MOOL CHAND,M,59,GEN,BSP,1256,19,1275
58,LAXMI NAGAR,6,None of the Above,N/A,N/A,N/A,NOTA,558,4,562
58,LAXMI NAGAR,7,VIKRAM NIJHAWAN,M,36,GEN,AICP,180,3,183
58,LAXMI NAGAR,8,DUSHYANT NAGAR,M,26,GEN,SP,135,1,136
58,LAXMI NAGAR,9,AJITA MALL,F,42,GEN,IND,118,1,119
58,LAXMI NAGAR,10,MANOJ KUMAR GUPTA,M,36,GEN,IND,103,0,103
58,LAXMI NAGAR,11,JAY RAM,M,48,GEN,JD(U),90,1,91
58,LAXMI NAGAR,12,RAJEEV KUMAR,M,42,GEN,IND,76,0,76
58,LAXMI NAGAR,13,RIFAKAT ALI,M,67,GEN,BJDI,42,1,43
58,LAXMI NAGAR,14,MURARI LAL PARJAPATI,M,68,GEN,IDP,41,0,41
59,VISHWAS NAGAR,1,OM PRAKASH SHARMA,M,60,GEN,BJP,44650,151,44801
59,VISHWAS NAGAR,2,NASEEB SINGH,M,46,GEN,INC,36846,156,37002
59,VISHWAS NAGAR,3,DR. ATUL GUPTA,M,55,GEN,AAAP,30233,155,30388
59,VISHWAS NAGAR,4,USHA SURYAN,F,50,GEN,IND,3220,1,3221
59,VISHWAS NAGAR,5,SUDESH KUMAR JAIN,M,53,GEN,BSP,1641,11,1652
59,VISHWAS NAGAR,6,None of the Above,N/A,N/A,N/A,NOTA,586,5,591
59,VISHWAS NAGAR,7,SHAUKAT ALI,M,63,GEN,IND,165,1,166
59,VISHWAS NAGAR,8,VIJAY KUMAR SHARMA,M,40,GEN,IND,87,0,87
60,KRISHNA NAGAR,1,DR. HARSH VARDHAN,M,58,GEN,BJP,68866,356,69222
60,KRISHNA NAGAR,2,DR VINOD KUMAR MONGA,M,61,GEN,INC,25971,101,26072
60,KRISHNA NAGAR,3,ISHRAT ALI ANSARI,M,63,GEN,AAAP,17417,81,17498
60,KRISHNA NAGAR,4,SAHRUR,F,37,GEN,IND,2876,0,2876
60,KRISHNA NAGAR,5,NAYEEM ABBAS,M,35,GEN,BSP,1798,22,1820
60,KRISHNA NAGAR,6,None of the Above,N/A,N/A,N/A,NOTA,578,9,587
60,KRISHNA NAGAR,7,SALMA,F,36,GEN,SP,275,0,275
60,KRISHNA NAGAR,8,RAJESH,M,45,GEN,ANC,163,2,165
60,KRISHNA NAGAR,9,VIJAY KUMAR ARORA,M,49,GEN,IND,86,0,86
60,KRISHNA NAGAR,10,AJAY SURYAVANSHI,M,43,GEN,IND,63,0,63
61,GANDHI NAGAR,1,ARVINDER SINGH LOVELY,M,44,GEN,INC,48799,98,48897
61,GANDHI NAGAR,2,RAMESH CHAND JAIN,M,57,GEN,BJP,31860,76,31936
61,GANDHI NAGAR,3,ANIL KUMAR BAJPAI,M,56,GEN,AAAP,16478,68,16546
61,GANDHI NAGAR,4,NAFIS AHMED,M,62,GEN,PECP,1193,0,1193
61,GANDHI NAGAR,5,OM PAL SINGH,M,42,GEN,BSP,1102,3,1105
61,GANDHI NAGAR,6,None of the Above,N/A,N/A,N/A,NOTA,527,4,531
61,GANDHI NAGAR,7,BHASKAR GUPTA,M,38,GEN,IND,130,0,130
61,GANDHI NAGAR,8,ANAND MOHAN SINGH,M,45,GEN,PHRC,105,0,105
61,GANDHI NAGAR,9,DIWAKAR,M,25,GEN,SP,103,0,103
61,GANDHI NAGAR,10,NEERAJ SHARMA,M,41,GEN,IND,75,1,76
61,GANDHI NAGAR,11,VIJAY SINGH,M,37,GEN,SHS,69,1,70
61,GANDHI NAGAR,12,RAJESH KUMAR,M,33,SC,IND,64,0,64
61,GANDHI NAGAR,13,JAI KISHAN,M,26,SC,IND,62,1,63
61,GANDHI NAGAR,14,PARDEEP KUMAR DUBEY,M,32,GEN,IND,58,0,58
62,SHAHDARA,1,JITENDER SINGH SHUNTY,M,51,GEN,BJP,45138,226,45364
62,SHAHDARA,2,NARENDER NATH,M,69,GEN,INC,30122,125,30247
62,SHAHDARA,3,BALBIR SINGH,M,39,GEN,AAAP,23379,133,23512
62,SHAHDARA,4,ACHAL SHARMA,M,26,GEN,IND,2723,2,2725
62,SHAHDARA,5,BHIM SINGH,M,67,SC,BSP,2209,30,2239
62,SHAHDARA,6,None of the Above,N/A,N/A,N/A,NOTA,585,10,595
62,SHAHDARA,7,TASAVVAR,M,29,GEN,IDP,230,0,230
62,SHAHDARA,8,NIKUNJ SHARMA,M,27,GEN,NCP,225,4,229
62,SHAHDARA,9,AKEEL,M,36,GEN,SP,131,1,132
62,SHAHDARA,10,VANDANA,F,37,GEN,IND,124,0,124
62,SHAHDARA,11,RAM KANWAR,M,64,SC,CPM,120,1,121
62,SHAHDARA,12,ISHWAR DASS,M,52,SC,IND,89,0,89
63,SEEMA PURI (SC),1,DHARMENDER SINGH,M,27,SC,AAAP,43027,172,43199
63,SEEMA PURI (SC),2,VEER SINGH DHINGAN,M,59,SC,INC,31066,157,31223
63,SEEMA PURI (SC),3,RAM PAL SINGH,M,57,SC,BJP,24163,193,24356
63,SEEMA PURI (SC),4,SANTOSH KUMAR,M,38,SC,BSP,12425,76,12501
63,SEEMA PURI (SC),5,None of the Above,N/A,N/A,N/A,NOTA,716,7,723
63,SEEMA PURI (SC),6,RAM PRASAD ATRI,M,65,SC,CPI,696,3,699
63,SEEMA PURI (SC),7,RAM MOHAN GAUTAM,M,52,SC,PECP,468,2,470
63,SEEMA PURI (SC),8,RAM PRAKASH GAUTAM,M,43,SC,SP,429,2,431
63,SEEMA PURI (SC),9,SUBHASH BABU,M,29,SC,HND,283,0,283
63,SEEMA PURI (SC),10,KISHAN PAL VAID,M,42,SC,IND,217,1,218
63,SEEMA PURI (SC),11,DEEP MALA,F,48,SC,NALP,171,0,171
63,SEEMA PURI (SC),12,ANGAN LAL,M,43,SC,RPIE,131,0,131
64,ROHTAS NAGAR,1,JITENDER KUMAR,M,44,GEN,BJP,49589,327,49916
64,ROHTAS NAGAR,2,MUKESH HOODA,M,50,GEN,AAAP,34741,232,34973
64,ROHTAS NAGAR,3,VIPIN SHARMA,M,36,GEN,INC,31937,219,32156
64,ROHTAS NAGAR,4,DAYA SHANKAR BHARDWAJ,M,54,GEN,BSP,2023,53,2076
64,ROHTAS NAGAR,5,None of the Above,N/A,N/A,N/A,NOTA,610,9,619
64,ROHTAS NAGAR,6,NAUSHAD,M,35,GEN,LJP,294,1,295
64,ROHTAS NAGAR,7,MOHD. ARIF,M,41,GEN,IND,289,0,289
64,ROHTAS NAGAR,8,BHUDEV SHARMA,M,41,GEN,AVIRP,172,1,173
64,ROHTAS NAGAR,9,JUGAL KISHORE SHARMA,M,34,GEN,IND,167,0,167
64,ROHTAS NAGAR,10,MOHAMMAD UMAR,M,66,GEN,IND,92,0,92
65,SEELAMPUR,1,CHAUDHARY MATEEN AHMAD,M,55,GEN,INC,46373,79,46452
65,SEELAMPUR,2,KAUSHAL KUMAR MISHRA,M,45,GEN,BJP,24566,158,24724
65,SEELAMPUR,3,ABDUL REHMAN,M,46,GEN,BSP,13311,41,13352
65,SEELAMPUR,4,MASOOD ALI KHAN,M,56,GEN,AAAP,12922,47,12969
65,SEELAMPUR,5,NAZRIN NAAZ,F,30,GEN,PECP,635,0,635
65,SEELAMPUR,6,MOHD.HASNAIN,M,54,GEN,IND,570,1,571
65,SEELAMPUR,7,None of the Above,N/A,N/A,N/A,NOTA,550,0,550
65,SEELAMPUR,8,BASHIRUDDIN,M,45,GEN,SP,471,1,472
65,SEELAMPUR,9,SARFARAJ,M,40,GEN,IND,120,0,120
66,GHONDA,1,SAHAB SINGH CHAUHAN,M,63,GEN,BJP,47255,276,47531
66,GHONDA,2,BHISHAM SHARMA,M,51,GEN,INC,35465,134,35599
66,GHONDA,3,DATARAM,M,54,GEN,AAAP,23544,77,23621
66,GHONDA,4,NARESH CHAND RATHORE,M,53,GEN,BSP,6135,20,6155
66,GHONDA,5,ROHTASH KUMAR,M,59,GEN,JD(U),4454,10,4464
66,GHONDA,6,KIRAN PAL SINGH,M,40,SC,IND,1857,0,1857
66,GHONDA,7,None of the Above,N/A,N/A,N/A,NOTA,548,1,549
66,GHONDA,9,AFLATOON,M,43,GEN,DETAILED RESULTS VALID VOTES POLLED CANDIDATE NAME,40,224,1
66,GHONDA,10,WASEEM,M,32,GEN,RLD,217,0,217
66,GHONDA,11,KIRAN SINGH,F,36,SC,IJP,131,0,131
66,GHONDA,12,MD. NAZIR,M,39,GEN,JKNPP,129,0,129
66,GHONDA,13,MOHINDER PAL SINGH,M,76,SC,BASMM,109,0,109
66,GHONDA,14,RAJIV KUMAR,M,45,GEN,SP(I),86,0,86
66,GHONDA,15,PADAM CHAND,M,40,SC,RJ,84,0,84
66,GHONDA,16,RAMESH CHAND,M,37,GEN,JSHSP,77,0,77
67,BABARPUR,1,NARESH GAUR,M,61,GEN,BJP,33890,290,34180
67,BABARPUR,2,ZAKIR KHAN,M,39,GEN,INC,29605,68,29673
67,BABARPUR,3,GOPAL RAI,M,38,GEN,AAAP,25585,138,25723
67,BABARPUR,4,FURKHAN,M,35,GEN,PECP,10016,1,10017
67,BABARPUR,5,SUNIL VASISHT,M,52,GEN,SP,5888,36,5924
67,BABARPUR,6,BHURE KHAN,M,47,GEN,BSP,4993,26,5019
67,BABARPUR,7,MS. SHAGUFTA RANI,F,26,GEN,IND,2744,0,2744
67,BABARPUR,8,ABSAAR AHMED,M,54,GEN,CPI,794,0,794
67,BABARPUR,9,None of the Above,N/A,N/A,N/A,NOTA,455,5,460
67,BABARPUR,10,KESAR,F,34,GEN,RJ,178,0,178
67,BABARPUR,11,BABU RAM,M,33,GEN,IND,140,1,141
67,BABARPUR,12,MAHNAAZ ALAM,F,27,GEN,IND,123,0,123
68,GOKALPUR (SC),1,RANJEET SINGH,M,42,SC,BJP,34446,442,34888
68,GOKALPUR (SC),2,SURENDRA KUMAR,M,45,SC,IND,32675,291,32966
68,GOKALPUR (SC),3,DEVI DAYAL,M,48,SC,AAAP,29514,119,29633
68,GOKALPUR (SC),4,BALZOR SINGH,M,75,SC,INC,15760,142,15902
68,GOKALPUR (SC),5,CHOUDHARY BALRAJ,M,44,SC,BSP,10721,178,10899
68,GOKALPUR (SC),6,None of the Above,N/A,N/A,N/A,NOTA,1335,3,1338
68,GOKALPUR (SC),7,DHARM RAJ SINGH,M,36,SC,PECP,1033,1,1034
68,GOKALPUR (SC),8,ROOP KISHOR,M,45,SC,IJP,344,2,346
68,GOKALPUR (SC),9,ANIL KUMAR,M,29,SC,LJP,337,2,339
68,GOKALPUR (SC),10,ASHOK KUMAR GAUTAM,M,33,SC,IND,271,1,272
68,GOKALPUR (SC),11,SATYENDRI PAL SINGH,F,29,SC,SP,181,3,184
68,GOKALPUR (SC),12,RAJESH KUMAR,M,31,SC,BASMM,133,3,136
68,GOKALPUR (SC),13,RUPESH KUMAR,M,31,SC,RLD,116,1,117
69,MUSTAFABAD,1,HASAN AHMED,M,60,GEN,INC,56195,55,56250
69,MUSTAFABAD,2,JAGDISH PRADHAN,M,60,GEN,BJP,54101,253,54354
69,MUSTAFABAD,3,KAPIL DHAMA,M,28,GEN,AAAP,19713,46,19759
69,MUSTAFABAD,4,MASTER SHER KHAN,M,53,GEN,PECP,9472,6,9478
69,MUSTAFABAD,5,NAAZ MOHAMMAD KHAN,M,48,GEN,BSP,2927,27,2954
69,MUSTAFABAD,6,BRIJESH CHAND SHUKLA,M,37,GEN,IND,1740,0,1740
69,MUSTAFABAD,7,None of the Above,N/A,N/A,N/A,NOTA,767,1,768
69,MUSTAFABAD,8,UDAI VEER SINGH,M,70,GEN,IJP,718,1,719
69,MUSTAFABAD,9,ROOP SINGH,M,61,GEN,IND,234,0,234
69,MUSTAFABAD,10,DEVKI MAURYA,F,43,GEN,LSWP,209,1,210
69,MUSTAFABAD,11,BRAHM PAL,M,34,GEN,LPSP,165,1,166
69,MUSTAFABAD,12,KADIR AHMED,M,37,GEN,RJ,164,0,164
69,MUSTAFABAD,13,SHAQUIB YUSUFZAI KHAN,M,42,GEN,JD(U),164,0,164
69,MUSTAFABAD,14,MOHD YASEEN,M,35,GEN,LJP,122,0,122
